{"cameraMode":{"drawMode":2,"name":"Shaded Wireframe","section":"Shading Mode"},"sceneLighting":false,"audioPlay":false,"sceneViewState":{"showFog":true,"showMaterialUpdate":false,"showSkybox":false,"showFlares":true,"showImageEffects":true,"showParticleSystems":true},"in2DMode":false,"pivot":{"x":9.829095840454102,"y":9.161869049072266,"z":11.139610290527344},"rotation":{"x":-0.008576086722314358,"y":0.3890310227870941,"z":-0.003621855517849326,"w":-0.921180009841919},"size":24.26038932800293,"orthographic":false}